src,tgt,wt,distance
sub,sandwich,5,0.8440442085266113
yank,jerk,5,0.8323749452829361
toot,sound,5,0.954271961003542
aries,ram,5,0.9157007485628128
aries,fire,5,1.0044298255816102
